{"pages":["KyivTypeSans-Heavy.png"],"chars":[{"id":1046,"index":305,"char":"Ж","width":52,"height":33,"xoffset":-1,"yoffset":7,"xadvance":49,"chnl":15,"x":0,"y":0,"page":0},{"id":8470,"index":549,"char":"№","width":51,"height":33,"xoffset":2,"yoffset":7,"xadvance":53,"chnl":15,"x":53,"y":0,"page":0},{"id":1065,"index":325,"char":"Щ","width":49,"height":39,"xoffset":2,"yoffset":7,"xadvance":50,"chnl":15,"x":105,"y":0,"page":0},{"id":1070,"index":333,"char":"Ю","width":47,"height":35,"xoffset":2,"yoffset":6,"xadvance":48,"chnl":15,"x":0,"y":34,"page":0},{"id":1060,"index":320,"char":"Ф","width":45,"height":34,"xoffset":0,"yoffset":6,"xadvance":44,"chnl":15,"x":48,"y":34,"page":0},{"id":1064,"index":324,"char":"Ш","width":45,"height":33,"xoffset":2,"yoffset":7,"xadvance":48,"chnl":15,"x":155,"y":0,"page":0},{"id":1049,"index":308,"char":"Й","width":32,"height":44,"xoffset":2,"yoffset":-4,"xadvance":35,"chnl":15,"x":201,"y":0,"page":0},{"id":1031,"index":332,"char":"Ї","width":19,"height":44,"xoffset":-2,"yoffset":-4,"xadvance":15,"chnl":15,"x":155,"y":34,"page":0},{"id":40,"index":461,"char":"(","width":17,"height":43,"xoffset":2,"yoffset":2,"xadvance":21,"chnl":15,"x":175,"y":34,"page":0},{"id":41,"index":462,"char":")","width":17,"height":43,"xoffset":2,"yoffset":2,"xadvance":21,"chnl":15,"x":94,"y":40,"page":0},{"id":1092,"index":364,"char":"ф","width":40,"height":42,"xoffset":-1,"yoffset":6,"xadvance":39,"chnl":15,"x":112,"y":40,"page":0},{"id":1052,"index":311,"char":"М","width":41,"height":33,"xoffset":2,"yoffset":7,"xadvance":45,"chnl":15,"x":48,"y":69,"page":0},{"id":1078,"index":349,"char":"ж","width":40,"height":34,"xoffset":-2,"yoffset":6,"xadvance":37,"chnl":15,"x":0,"y":70,"page":0},{"id":1097,"index":369,"char":"щ","width":40,"height":29,"xoffset":1,"yoffset":15,"xadvance":40,"chnl":15,"x":234,"y":0,"page":0},{"id":1168,"index":301,"char":"Ґ","width":26,"height":39,"xoffset":2,"yoffset":1,"xadvance":27,"chnl":15,"x":275,"y":0,"page":0},{"id":1044,"index":302,"char":"Д","width":37,"height":39,"xoffset":-1,"yoffset":7,"xadvance":35,"chnl":15,"x":234,"y":30,"page":0},{"id":1062,"index":323,"char":"Ц","width":34,"height":39,"xoffset":2,"yoffset":7,"xadvance":36,"chnl":15,"x":193,"y":45,"page":0},{"id":1169,"index":345,"char":"ґ","width":21,"height":38,"xoffset":1,"yoffset":11,"xadvance":21,"chnl":15,"x":153,"y":79,"page":0},{"id":37,"index":520,"char":"%","width":38,"height":34,"xoffset":-1,"yoffset":6,"xadvance":36,"chnl":15,"x":112,"y":83,"page":0},{"id":1096,"index":368,"char":"ш","width":37,"height":25,"xoffset":1,"yoffset":15,"xadvance":39,"chnl":15,"x":41,"y":103,"page":0},{"id":1040,"index":297,"char":"А","width":36,"height":33,"xoffset":-1,"yoffset":7,"xadvance":33,"chnl":15,"x":0,"y":105,"page":0},{"id":1102,"index":377,"char":"ю","width":36,"height":26,"xoffset":1,"yoffset":15,"xadvance":37,"chnl":15,"x":302,"y":0,"page":0},{"id":1028,"index":329,"char":"Є","width":34,"height":35,"xoffset":0,"yoffset":6,"xadvance":33,"chnl":15,"x":339,"y":0,"page":0},{"id":1047,"index":306,"char":"З","width":32,"height":35,"xoffset":-1,"yoffset":6,"xadvance":31,"chnl":15,"x":79,"y":103,"page":0},{"id":1054,"index":313,"char":"О","width":35,"height":35,"xoffset":0,"yoffset":6,"xadvance":35,"chnl":15,"x":302,"y":27,"page":0},{"id":1057,"index":316,"char":"С","width":34,"height":35,"xoffset":0,"yoffset":6,"xadvance":33,"chnl":15,"x":37,"y":129,"page":0},{"id":1061,"index":321,"char":"Х","width":35,"height":33,"xoffset":-1,"yoffset":7,"xadvance":32,"chnl":15,"x":0,"y":139,"page":0},{"id":1081,"index":352,"char":"й","width":26,"height":35,"xoffset":1,"yoffset":5,"xadvance":28,"chnl":15,"x":272,"y":40,"page":0},{"id":1110,"index":375,"char":"і","width":13,"height":35,"xoffset":0,"yoffset":5,"xadvance":13,"chnl":15,"x":175,"y":78,"page":0},{"id":1111,"index":376,"char":"ї","width":19,"height":35,"xoffset":-3,"yoffset":5,"xadvance":13,"chnl":15,"x":228,"y":70,"page":0},{"id":54,"index":396,"char":"6","width":30,"height":35,"xoffset":0,"yoffset":6,"xadvance":29,"chnl":15,"x":189,"y":85,"page":0},{"id":56,"index":398,"char":"8","width":30,"height":35,"xoffset":0,"yoffset":6,"xadvance":29,"chnl":15,"x":112,"y":118,"page":0},{"id":57,"index":399,"char":"9","width":30,"height":35,"xoffset":-1,"yoffset":6,"xadvance":29,"chnl":15,"x":72,"y":139,"page":0},{"id":1051,"index":310,"char":"Л","width":34,"height":34,"xoffset":-1,"yoffset":7,"xadvance":34,"chnl":15,"x":36,"y":165,"page":0},{"id":1059,"index":318,"char":"У","width":34,"height":34,"xoffset":-1,"yoffset":7,"xadvance":32,"chnl":15,"x":0,"y":173,"page":0},{"id":1073,"index":342,"char":"б","width":28,"height":34,"xoffset":0,"yoffset":6,"xadvance":27,"chnl":15,"x":143,"y":118,"page":0},{"id":1082,"index":353,"char":"к","width":26,"height":34,"xoffset":1,"yoffset":6,"xadvance":26,"chnl":15,"x":374,"y":0,"page":0},{"id":1088,"index":359,"char":"р","width":27,"height":34,"xoffset":1,"yoffset":15,"xadvance":27,"chnl":15,"x":401,"y":0,"page":0},{"id":1091,"index":362,"char":"у","width":29,"height":34,"xoffset":-2,"yoffset":15,"xadvance":26,"chnl":15,"x":429,"y":0,"page":0},{"id":50,"index":392,"char":"2","width":29,"height":34,"xoffset":0,"yoffset":6,"xadvance":28,"chnl":15,"x":459,"y":0,"page":0},{"id":51,"index":393,"char":"3","width":29,"height":34,"xoffset":-2,"yoffset":7,"xadvance":26,"chnl":15,"x":489,"y":0,"page":0},{"id":53,"index":395,"char":"5","width":29,"height":34,"xoffset":-1,"yoffset":7,"xadvance":28,"chnl":15,"x":519,"y":0,"page":0},{"id":33,"index":445,"char":"!","width":13,"height":34,"xoffset":1,"yoffset":7,"xadvance":15,"chnl":15,"x":175,"y":114,"page":0},{"id":63,"index":447,"char":"?","width":29,"height":34,"xoffset":-1,"yoffset":6,"xadvance":27,"chnl":15,"x":549,"y":0,"page":0},{"id":1041,"index":298,"char":"Б","width":29,"height":33,"xoffset":2,"yoffset":7,"xadvance":30,"chnl":15,"x":579,"y":0,"page":0},{"id":1042,"index":299,"char":"В","width":30,"height":33,"xoffset":2,"yoffset":7,"xadvance":31,"chnl":15,"x":609,"y":0,"page":0},{"id":1043,"index":300,"char":"Г","width":26,"height":33,"xoffset":2,"yoffset":7,"xadvance":27,"chnl":15,"x":640,"y":0,"page":0},{"id":1045,"index":303,"char":"Е","width":26,"height":33,"xoffset":2,"yoffset":7,"xadvance":28,"chnl":15,"x":667,"y":0,"page":0},{"id":1048,"index":307,"char":"И","width":32,"height":33,"xoffset":2,"yoffset":7,"xadvance":35,"chnl":15,"x":694,"y":0,"page":0},{"id":1030,"index":331,"char":"І","width":12,"height":33,"xoffset":2,"yoffset":7,"xadvance":15,"chnl":15,"x":248,"y":70,"page":0},{"id":1050,"index":309,"char":"К","width":32,"height":33,"xoffset":2,"yoffset":7,"xadvance":33,"chnl":15,"x":727,"y":0,"page":0},{"id":1053,"index":312,"char":"Н","width":31,"height":33,"xoffset":2,"yoffset":7,"xadvance":34,"chnl":15,"x":760,"y":0,"page":0},{"id":1055,"index":314,"char":"П","width":31,"height":33,"xoffset":2,"yoffset":7,"xadvance":34,"chnl":15,"x":792,"y":0,"page":0},{"id":1056,"index":315,"char":"Р","width":28,"height":33,"xoffset":2,"yoffset":7,"xadvance":30,"chnl":15,"x":824,"y":0,"page":0},{"id":1058,"index":317,"char":"Т","width":32,"height":33,"xoffset":-1,"yoffset":7,"xadvance":31,"chnl":15,"x":853,"y":0,"page":0},{"id":1063,"index":322,"char":"Ч","width":30,"height":33,"xoffset":1,"yoffset":7,"xadvance":32,"chnl":15,"x":886,"y":0,"page":0},{"id":1068,"index":326,"char":"Ь","width":28,"height":33,"xoffset":2,"yoffset":7,"xadvance":30,"chnl":15,"x":917,"y":0,"page":0},{"id":1071,"index":334,"char":"Я","width":32,"height":33,"xoffset":-1,"yoffset":7,"xadvance":32,"chnl":15,"x":946,"y":0,"page":0},{"id":1084,"index":355,"char":"м","width":33,"height":25,"xoffset":1,"yoffset":15,"xadvance":36,"chnl":15,"x":979,"y":0,"page":0},{"id":49,"index":391,"char":"1","width":18,"height":33,"xoffset":0,"yoffset":7,"xadvance":20,"chnl":15,"x":979,"y":26,"page":0},{"id":52,"index":394,"char":"4","width":31,"height":33,"xoffset":-1,"yoffset":7,"xadvance":28,"chnl":15,"x":579,"y":34,"page":0},{"id":55,"index":397,"char":"7","width":29,"height":33,"xoffset":-2,"yoffset":7,"xadvance":25,"chnl":15,"x":374,"y":35,"page":0},{"id":1076,"index":346,"char":"д","width":30,"height":29,"xoffset":-1,"yoffset":15,"xadvance":28,"chnl":15,"x":338,"y":36,"page":0},{"id":1093,"index":365,"char":"х","width":29,"height":25,"xoffset":-2,"yoffset":15,"xadvance":25,"chnl":15,"x":299,"y":63,"page":0},{"id":1094,"index":367,"char":"ц","width":28,"height":29,"xoffset":1,"yoffset":15,"xadvance":29,"chnl":15,"x":261,"y":76,"page":0},{"id":59,"index":443,"char":";","width":13,"height":29,"xoffset":0,"yoffset":15,"xadvance":14,"chnl":15,"x":998,"y":26,"page":0},{"id":1072,"index":341,"char":"а","width":27,"height":26,"xoffset":-1,"yoffset":15,"xadvance":25,"chnl":15,"x":329,"y":66,"page":0},{"id":1077,"index":347,"char":"е","width":27,"height":26,"xoffset":-1,"yoffset":15,"xadvance":25,"chnl":15,"x":290,"y":89,"page":0},{"id":1108,"index":373,"char":"є","width":27,"height":26,"xoffset":-1,"yoffset":15,"xadvance":26,"chnl":15,"x":220,"y":106,"page":0},{"id":1083,"index":354,"char":"л","width":27,"height":25,"xoffset":-1,"yoffset":15,"xadvance":27,"chnl":15,"x":189,"y":121,"page":0},{"id":1086,"index":357,"char":"о","width":27,"height":26,"xoffset":-1,"yoffset":15,"xadvance":26,"chnl":15,"x":248,"y":106,"page":0},{"id":1079,"index":350,"char":"з","width":26,"height":26,"xoffset":-1,"yoffset":14,"xadvance":25,"chnl":15,"x":998,"y":56,"page":0},{"id":1080,"index":351,"char":"и","width":26,"height":25,"xoffset":1,"yoffset":15,"xadvance":28,"chnl":15,"x":404,"y":35,"page":0},{"id":1089,"index":360,"char":"с","width":26,"height":26,"xoffset":-1,"yoffset":15,"xadvance":25,"chnl":15,"x":431,"y":35,"page":0},{"id":1090,"index":361,"char":"т","width":26,"height":25,"xoffset":-1,"yoffset":15,"xadvance":24,"chnl":15,"x":404,"y":61,"page":0},{"id":1103,"index":378,"char":"я","width":26,"height":25,"xoffset":-2,"yoffset":15,"xadvance":25,"chnl":15,"x":357,"y":69,"page":0},{"id":58,"index":442,"char":":","width":13,"height":26,"xoffset":0,"yoffset":15,"xadvance":13,"chnl":15,"x":276,"y":106,"page":0},{"id":1074,"index":343,"char":"в","width":25,"height":25,"xoffset":1,"yoffset":15,"xadvance":25,"chnl":15,"x":318,"y":93,"page":0},{"id":1075,"index":344,"char":"г","width":21,"height":25,"xoffset":1,"yoffset":15,"xadvance":21,"chnl":15,"x":290,"y":116,"page":0},{"id":1085,"index":356,"char":"н","width":25,"height":25,"xoffset":1,"yoffset":15,"xadvance":28,"chnl":15,"x":217,"y":133,"page":0},{"id":1087,"index":358,"char":"п","width":25,"height":25,"xoffset":1,"yoffset":15,"xadvance":28,"chnl":15,"x":189,"y":147,"page":0},{"id":1095,"index":366,"char":"ч","width":24,"height":25,"xoffset":0,"yoffset":15,"xadvance":25,"chnl":15,"x":143,"y":153,"page":0},{"id":1100,"index":370,"char":"ь","width":24,"height":25,"xoffset":1,"yoffset":15,"xadvance":24,"chnl":15,"x":103,"y":154,"page":0},{"id":61,"index":509,"char":"=","width":22,"height":21,"xoffset":1,"yoffset":13,"xadvance":24,"chnl":15,"x":71,"y":175,"page":0},{"id":43,"index":505,"char":"+","width":22,"height":22,"xoffset":1,"yoffset":12,"xadvance":24,"chnl":15,"x":243,"y":133,"page":0},{"id":34,"index":490,"char":"\"","width":19,"height":15,"xoffset":-1,"yoffset":7,"xadvance":17,"chnl":15,"x":384,"y":69,"page":0},{"id":42,"index":451,"char":"*","width":18,"height":18,"xoffset":-1,"yoffset":3,"xadvance":16,"chnl":15,"x":90,"y":84,"page":0},{"id":44,"index":441,"char":",","width":13,"height":17,"xoffset":0,"yoffset":27,"xadvance":13,"chnl":15,"x":128,"y":154,"page":0},{"id":45,"index":473,"char":"-","width":16,"height":10,"xoffset":1,"yoffset":20,"xadvance":18,"chnl":15,"x":172,"y":149,"page":0},{"id":39,"index":491,"char":"'","width":12,"height":15,"xoffset":-1,"yoffset":7,"xadvance":10,"chnl":15,"x":1012,"y":26,"page":0},{"id":46,"index":440,"char":".","width":13,"height":13,"xoffset":0,"yoffset":27,"xadvance":13,"chnl":15,"x":128,"y":172,"page":0},{"id":32,"index":3,"char":" ","width":0,"height":0,"xoffset":-2,"yoffset":36,"xadvance":11,"chnl":15,"x":36,"y":139,"page":0}],"info":{"face":"KyivTypeSans-Heavy","size":42,"bold":0,"italic":0,"charset":["А","Б","В","Г","Ґ","Д","Е","Є","Ж","З","И","Й","І","Ї","К","Л","М","Н","О","П","Р","С","Т","У","Ф","Х","Ц","Ч","Ш","Щ","Ь","Ю","Я","а","б","в","г","ґ","д","е","є","ж","з","и","й","і","ї","к","л","м","н","о","п","р","с","т","у","ф","х","ц","ч","ш","щ","ь","ю","я","1","2","3","4","5","6","7","8","9"," ","-",".",",","(",")","*","=","+","!","?",":","%",";","№","\"","'"],"unicode":1,"stretchH":100,"smooth":1,"aa":1,"padding":[2,2,2,2],"spacing":[0,0]},"common":{"lineHeight":50,"base":36,"scaleW":1024,"scaleH":1024,"pages":1,"packed":0,"alphaChnl":0,"redChnl":0,"greenChnl":0,"blueChnl":0},"distanceField":{"fieldType":"msdf","distanceRange":4},"kernings":[{"first":1040,"second":1028,"amount":-1},{"first":1040,"second":1046,"amount":-1},{"first":1040,"second":1047,"amount":-1},{"first":1040,"second":1054,"amount":-1},{"first":1040,"second":1057,"amount":-1},{"first":1040,"second":1058,"amount":-3},{"first":1040,"second":1059,"amount":-2},{"first":1040,"second":1060,"amount":-1},{"first":1040,"second":1061,"amount":-1},{"first":1040,"second":1063,"amount":-3},{"first":1040,"second":1071,"amount":-1},{"first":1040,"second":1073,"amount":-1},{"first":1040,"second":1074,"amount":-1},{"first":1040,"second":1075,"amount":-1},{"first":1040,"second":1169,"amount":-1},{"first":1040,"second":1077,"amount":-1},{"first":1040,"second":1108,"amount":-1},{"first":1040,"second":1079,"amount":-1},{"first":1040,"second":1080,"amount":-1},{"first":1040,"second":1081,"amount":-1},{"first":1040,"second":1084,"amount":-1},{"first":1040,"second":1085,"amount":-1},{"first":1040,"second":1086,"amount":-1},{"first":1040,"second":1087,"amount":-1},{"first":1040,"second":1088,"amount":-1},{"first":1040,"second":1089,"amount":-1},{"first":1040,"second":1090,"amount":-2},{"first":1040,"second":1091,"amount":-2},{"first":1040,"second":1092,"amount":-1},{"first":1040,"second":1093,"amount":-1},{"first":1040,"second":1094,"amount":-1},{"first":1040,"second":1095,"amount":-2},{"first":1040,"second":1096,"amount":-1},{"first":1040,"second":1097,"amount":-1},{"first":1040,"second":1100,"amount":-1},{"first":1040,"second":1102,"amount":-1},{"first":1040,"second":42,"amount":-5},{"first":1040,"second":34,"amount":-5},{"first":1040,"second":39,"amount":-5},{"first":1041,"second":1040,"amount":-1},{"first":1041,"second":1028,"amount":0},{"first":1041,"second":1046,"amount":0},{"first":1041,"second":1047,"amount":0},{"first":1041,"second":1054,"amount":0},{"first":1041,"second":1057,"amount":0},{"first":1041,"second":1058,"amount":-2},{"first":1041,"second":1059,"amount":-1},{"first":1041,"second":1060,"amount":-1},{"first":1041,"second":1061,"amount":-1},{"first":1041,"second":1063,"amount":-1},{"first":1041,"second":1071,"amount":-1},{"first":1041,"second":1078,"amount":-1},{"first":1041,"second":1090,"amount":-1},{"first":1041,"second":1091,"amount":-1},{"first":1041,"second":1093,"amount":0},{"first":1041,"second":1095,"amount":0},{"first":1042,"second":1040,"amount":-1},{"first":1042,"second":1028,"amount":0},{"first":1042,"second":1046,"amount":-1},{"first":1042,"second":1047,"amount":0},{"first":1042,"second":1054,"amount":0},{"first":1042,"second":1057,"amount":0},{"first":1042,"second":1058,"amount":-1},{"first":1042,"second":1059,"amount":0},{"first":1042,"second":1061,"amount":0},{"first":1042,"second":1063,"amount":0},{"first":1042,"second":1071,"amount":0},{"first":1042,"second":1077,"amount":0},{"first":1042,"second":1108,"amount":0},{"first":1042,"second":1079,"amount":0},{"first":1042,"second":1086,"amount":0},{"first":1042,"second":1089,"amount":0},{"first":1042,"second":1091,"amount":0},{"first":1042,"second":1092,"amount":0},{"first":1042,"second":1093,"amount":0},{"first":1043,"second":1040,"amount":-4},{"first":1043,"second":1044,"amount":-2},{"first":1043,"second":1028,"amount":-2},{"first":1043,"second":1046,"amount":-1},{"first":1043,"second":1047,"amount":-2},{"first":1043,"second":1051,"amount":-2},{"first":1043,"second":1054,"amount":-2},{"first":1043,"second":1057,"amount":-2},{"first":1043,"second":1059,"amount":-1},{"first":1043,"second":1060,"amount":-2},{"first":1043,"second":1063,"amount":0},{"first":1043,"second":1071,"amount":-1},{"first":1043,"second":1072,"amount":-5},{"first":1043,"second":1073,"amount":-2},{"first":1043,"second":1074,"amount":-3},{"first":1043,"second":1075,"amount":-3},{"first":1043,"second":1169,"amount":-3},{"first":1043,"second":1076,"amount":-3},{"first":1043,"second":1077,"amount":-5},{"first":1043,"second":1108,"amount":-5},{"first":1043,"second":1078,"amount":-2},{"first":1043,"second":1079,"amount":-5},{"first":1043,"second":1080,"amount":-3},{"first":1043,"second":1081,"amount":-3},{"first":1043,"second":1083,"amount":-5},{"first":1043,"second":1084,"amount":-3},{"first":1043,"second":1085,"amount":-3},{"first":1043,"second":1086,"amount":-5},{"first":1043,"second":1087,"amount":-3},{"first":1043,"second":1088,"amount":-3},{"first":1043,"second":1089,"amount":-5},{"first":1043,"second":1090,"amount":-2},{"first":1043,"second":1091,"amount":-3},{"first":1043,"second":1092,"amount":-5},{"first":1043,"second":1093,"amount":-1},{"first":1043,"second":1094,"amount":-3},{"first":1043,"second":1095,"amount":-2},{"first":1043,"second":1096,"amount":-3},{"first":1043,"second":1097,"amount":-3},{"first":1043,"second":1100,"amount":-3},{"first":1043,"second":1102,"amount":-3},{"first":1043,"second":1103,"amount":-4},{"first":1043,"second":45,"amount":-2},{"first":1043,"second":46,"amount":-6},{"first":1043,"second":44,"amount":-6},{"first":1168,"second":1040,"amount":-4},{"first":1168,"second":1044,"amount":-2},{"first":1168,"second":1028,"amount":-2},{"first":1168,"second":1046,"amount":-1},{"first":1168,"second":1047,"amount":-2},{"first":1168,"second":1051,"amount":-2},{"first":1168,"second":1054,"amount":-2},{"first":1168,"second":1057,"amount":-2},{"first":1168,"second":1059,"amount":-1},{"first":1168,"second":1060,"amount":-2},{"first":1168,"second":1063,"amount":0},{"first":1168,"second":1071,"amount":-1},{"first":1168,"second":1072,"amount":-5},{"first":1168,"second":1073,"amount":-2},{"first":1168,"second":1074,"amount":-3},{"first":1168,"second":1075,"amount":-3},{"first":1168,"second":1169,"amount":-3},{"first":1168,"second":1076,"amount":-3},{"first":1168,"second":1077,"amount":-5},{"first":1168,"second":1108,"amount":-5},{"first":1168,"second":1078,"amount":-2},{"first":1168,"second":1079,"amount":-5},{"first":1168,"second":1080,"amount":-3},{"first":1168,"second":1081,"amount":-3},{"first":1168,"second":1083,"amount":-5},{"first":1168,"second":1084,"amount":-3},{"first":1168,"second":1085,"amount":-3},{"first":1168,"second":1086,"amount":-5},{"first":1168,"second":1087,"amount":-3},{"first":1168,"second":1088,"amount":-3},{"first":1168,"second":1089,"amount":-5},{"first":1168,"second":1090,"amount":-2},{"first":1168,"second":1091,"amount":-3},{"first":1168,"second":1092,"amount":-5},{"first":1168,"second":1093,"amount":-1},{"first":1168,"second":1094,"amount":-3},{"first":1168,"second":1095,"amount":-2},{"first":1168,"second":1096,"amount":-3},{"first":1168,"second":1097,"amount":-3},{"first":1168,"second":1100,"amount":-3},{"first":1168,"second":1102,"amount":-3},{"first":1168,"second":1103,"amount":-4},{"first":1168,"second":45,"amount":-2},{"first":1168,"second":46,"amount":-6},{"first":1168,"second":44,"amount":-6},{"first":1044,"second":1044,"amount":0},{"first":1044,"second":1028,"amount":-1},{"first":1044,"second":1046,"amount":0},{"first":1044,"second":1047,"amount":-1},{"first":1044,"second":1054,"amount":-1},{"first":1044,"second":1057,"amount":-1},{"first":1044,"second":1058,"amount":-1},{"first":1044,"second":1059,"amount":-1},{"first":1044,"second":1060,"amount":-1},{"first":1044,"second":1063,"amount":-2},{"first":1044,"second":1090,"amount":-1},{"first":1044,"second":1095,"amount":0},{"first":1044,"second":42,"amount":-1},{"first":1044,"second":34,"amount":-1},{"first":1044,"second":39,"amount":-1},{"first":1045,"second":1040,"amount":-1},{"first":1045,"second":1028,"amount":-2},{"first":1045,"second":1047,"amount":-2},{"first":1045,"second":1051,"amount":-1},{"first":1045,"second":1054,"amount":-2},{"first":1045,"second":1057,"amount":-2},{"first":1045,"second":1058,"amount":-1},{"first":1045,"second":1059,"amount":-1},{"first":1045,"second":1060,"amount":-2},{"first":1045,"second":1061,"amount":0},{"first":1045,"second":1063,"amount":-1},{"first":1045,"second":1071,"amount":-1},{"first":1045,"second":1072,"amount":-1},{"first":1045,"second":1073,"amount":-1},{"first":1045,"second":1074,"amount":0},{"first":1045,"second":1075,"amount":0},{"first":1045,"second":1169,"amount":0},{"first":1045,"second":1077,"amount":-1},{"first":1045,"second":1108,"amount":-1},{"first":1045,"second":1079,"amount":-1},{"first":1045,"second":1080,"amount":0},{"first":1045,"second":1081,"amount":0},{"first":1045,"second":1083,"amount":-1},{"first":1045,"second":1084,"amount":0},{"first":1045,"second":1085,"amount":0},{"first":1045,"second":1086,"amount":-1},{"first":1045,"second":1087,"amount":0},{"first":1045,"second":1088,"amount":0},{"first":1045,"second":1089,"amount":-1},{"first":1045,"second":1090,"amount":-1},{"first":1045,"second":1091,"amount":-1},{"first":1045,"second":1092,"amount":-1},{"first":1045,"second":1093,"amount":-1},{"first":1045,"second":1094,"amount":0},{"first":1045,"second":1095,"amount":-1},{"first":1045,"second":1096,"amount":0},{"first":1045,"second":1097,"amount":0},{"first":1045,"second":1100,"amount":0},{"first":1045,"second":1102,"amount":0},{"first":1045,"second":45,"amount":-2},{"first":1045,"second":42,"amount":-1},{"first":1045,"second":34,"amount":-1},{"first":1045,"second":39,"amount":-1},{"first":1028,"second":1040,"amount":-1},{"first":1028,"second":1044,"amount":0},{"first":1028,"second":1051,"amount":0},{"first":1028,"second":1058,"amount":-1},{"first":1028,"second":1059,"amount":-1},{"first":1028,"second":1061,"amount":-1},{"first":1028,"second":1072,"amount":0},{"first":1028,"second":1093,"amount":0},{"first":1028,"second":42,"amount":0},{"first":1028,"second":34,"amount":0},{"first":1028,"second":39,"amount":0},{"first":1046,"second":1040,"amount":-1},{"first":1046,"second":1028,"amount":-1},{"first":1046,"second":1047,"amount":-1},{"first":1046,"second":1054,"amount":-1},{"first":1046,"second":1057,"amount":-1},{"first":1046,"second":1058,"amount":0},{"first":1046,"second":1059,"amount":0},{"first":1046,"second":1060,"amount":-1},{"first":1046,"second":1063,"amount":-1},{"first":1046,"second":1072,"amount":-1},{"first":1046,"second":1074,"amount":-1},{"first":1046,"second":1075,"amount":-1},{"first":1046,"second":1169,"amount":-1},{"first":1046,"second":1077,"amount":-2},{"first":1046,"second":1108,"amount":-2},{"first":1046,"second":1079,"amount":-2},{"first":1046,"second":1080,"amount":-1},{"first":1046,"second":1081,"amount":-1},{"first":1046,"second":1084,"amount":-1},{"first":1046,"second":1085,"amount":-1},{"first":1046,"second":1086,"amount":-2},{"first":1046,"second":1087,"amount":-1},{"first":1046,"second":1088,"amount":-1},{"first":1046,"second":1089,"amount":-2},{"first":1046,"second":1090,"amount":-2},{"first":1046,"second":1091,"amount":-3},{"first":1046,"second":1092,"amount":-2},{"first":1046,"second":1093,"amount":-2},{"first":1046,"second":1094,"amount":-1},{"first":1046,"second":1095,"amount":-3},{"first":1046,"second":1096,"amount":-1},{"first":1046,"second":1097,"amount":-1},{"first":1046,"second":1100,"amount":-1},{"first":1046,"second":1102,"amount":-1},{"first":1046,"second":1103,"amount":-1},{"first":1046,"second":45,"amount":-2},{"first":1046,"second":42,"amount":0},{"first":1046,"second":34,"amount":0},{"first":1046,"second":39,"amount":0},{"first":1047,"second":1040,"amount":-1},{"first":1047,"second":1028,"amount":0},{"first":1047,"second":1046,"amount":-1},{"first":1047,"second":1047,"amount":0},{"first":1047,"second":1054,"amount":0},{"first":1047,"second":1057,"amount":0},{"first":1047,"second":1058,"amount":-1},{"first":1047,"second":1059,"amount":0},{"first":1047,"second":1061,"amount":0},{"first":1047,"second":1063,"amount":0},{"first":1047,"second":1071,"amount":0},{"first":1047,"second":1077,"amount":0},{"first":1047,"second":1108,"amount":0},{"first":1047,"second":1079,"amount":0},{"first":1047,"second":1086,"amount":0},{"first":1047,"second":1089,"amount":0},{"first":1047,"second":1091,"amount":0},{"first":1047,"second":1092,"amount":0},{"first":1047,"second":1093,"amount":0},{"first":1048,"second":1028,"amount":-1},{"first":1048,"second":1047,"amount":-1},{"first":1048,"second":1054,"amount":-1},{"first":1048,"second":1057,"amount":-1},{"first":1049,"second":1028,"amount":-1},{"first":1049,"second":1047,"amount":-1},{"first":1049,"second":1054,"amount":-1},{"first":1049,"second":1057,"amount":-1},{"first":1050,"second":1040,"amount":-1},{"first":1050,"second":1028,"amount":-1},{"first":1050,"second":1047,"amount":-1},{"first":1050,"second":1054,"amount":-1},{"first":1050,"second":1057,"amount":-1},{"first":1050,"second":1058,"amount":0},{"first":1050,"second":1059,"amount":0},{"first":1050,"second":1060,"amount":-1},{"first":1050,"second":1063,"amount":-1},{"first":1050,"second":1072,"amount":-1},{"first":1050,"second":1074,"amount":-1},{"first":1050,"second":1075,"amount":-1},{"first":1050,"second":1169,"amount":-1},{"first":1050,"second":1077,"amount":-2},{"first":1050,"second":1108,"amount":-2},{"first":1050,"second":1079,"amount":-2},{"first":1050,"second":1080,"amount":-1},{"first":1050,"second":1081,"amount":-1},{"first":1050,"second":1084,"amount":-1},{"first":1050,"second":1085,"amount":-1},{"first":1050,"second":1086,"amount":-2},{"first":1050,"second":1087,"amount":-1},{"first":1050,"second":1088,"amount":-1},{"first":1050,"second":1089,"amount":-2},{"first":1050,"second":1090,"amount":-2},{"first":1050,"second":1091,"amount":-3},{"first":1050,"second":1092,"amount":-2},{"first":1050,"second":1093,"amount":-2},{"first":1050,"second":1094,"amount":-1},{"first":1050,"second":1095,"amount":-3},{"first":1050,"second":1096,"amount":-1},{"first":1050,"second":1097,"amount":-1},{"first":1050,"second":1100,"amount":-1},{"first":1050,"second":1102,"amount":-1},{"first":1050,"second":1103,"amount":-1},{"first":1050,"second":45,"amount":-2},{"first":1050,"second":42,"amount":0},{"first":1050,"second":34,"amount":0},{"first":1050,"second":39,"amount":0},{"first":1051,"second":1028,"amount":-1},{"first":1051,"second":1047,"amount":-1},{"first":1051,"second":1054,"amount":-1},{"first":1051,"second":1057,"amount":-1},{"first":1052,"second":1028,"amount":-1},{"first":1052,"second":1047,"amount":-1},{"first":1052,"second":1054,"amount":-1},{"first":1052,"second":1057,"amount":-1},{"first":1053,"second":1028,"amount":-1},{"first":1053,"second":1047,"amount":-1},{"first":1053,"second":1054,"amount":-1},{"first":1053,"second":1057,"amount":-1},{"first":1054,"second":1040,"amount":-1},{"first":1054,"second":1042,"amount":-1},{"first":1054,"second":1043,"amount":-1},{"first":1054,"second":1168,"amount":-1},{"first":1054,"second":1044,"amount":0},{"first":1054,"second":1045,"amount":-1},{"first":1054,"second":1046,"amount":-1},{"first":1054,"second":1048,"amount":-1},{"first":1054,"second":1049,"amount":-1},{"first":1054,"second":1050,"amount":-1},{"first":1054,"second":1051,"amount":0},{"first":1054,"second":1052,"amount":-1},{"first":1054,"second":1053,"amount":-1},{"first":1054,"second":1055,"amount":-1},{"first":1054,"second":1056,"amount":-1},{"first":1054,"second":1058,"amount":-1},{"first":1054,"second":1059,"amount":-1},{"first":1054,"second":1061,"amount":-2},{"first":1054,"second":1062,"amount":-1},{"first":1054,"second":1063,"amount":-1},{"first":1054,"second":1064,"amount":-1},{"first":1054,"second":1065,"amount":-1},{"first":1054,"second":1068,"amount":-1},{"first":1054,"second":1070,"amount":-1},{"first":1054,"second":1078,"amount":0},{"first":1054,"second":46,"amount":-1},{"first":1054,"second":44,"amount":-1},{"first":1054,"second":42,"amount":-1},{"first":1054,"second":34,"amount":-1},{"first":1054,"second":39,"amount":-1},{"first":1055,"second":1028,"amount":-1},{"first":1055,"second":1047,"amount":-1},{"first":1055,"second":1054,"amount":-1},{"first":1055,"second":1057,"amount":-1},{"first":1056,"second":1040,"amount":-2},{"first":1056,"second":1042,"amount":-1},{"first":1056,"second":1043,"amount":-1},{"first":1056,"second":1168,"amount":-1},{"first":1056,"second":1044,"amount":-2},{"first":1056,"second":1045,"amount":-1},{"first":1056,"second":1046,"amount":-2},{"first":1056,"second":1048,"amount":-1},{"first":1056,"second":1049,"amount":-1},{"first":1056,"second":1050,"amount":-1},{"first":1056,"second":1051,"amount":-2},{"first":1056,"second":1052,"amount":-1},{"first":1056,"second":1053,"amount":-1},{"first":1056,"second":1055,"amount":-1},{"first":1056,"second":1056,"amount":-1},{"first":1056,"second":1058,"amount":0},{"first":1056,"second":1059,"amount":-1},{"first":1056,"second":1061,"amount":-1},{"first":1056,"second":1062,"amount":-1},{"first":1056,"second":1064,"amount":-1},{"first":1056,"second":1065,"amount":-1},{"first":1056,"second":1068,"amount":-1},{"first":1056,"second":1070,"amount":-1},{"first":1056,"second":1071,"amount":-1},{"first":1056,"second":1072,"amount":-2},{"first":1056,"second":1074,"amount":-1},{"first":1056,"second":1075,"amount":-1},{"first":1056,"second":1169,"amount":-1},{"first":1056,"second":1076,"amount":0},{"first":1056,"second":1077,"amount":-1},{"first":1056,"second":1108,"amount":-1},{"first":1056,"second":1079,"amount":-1},{"first":1056,"second":1080,"amount":-1},{"first":1056,"second":1081,"amount":-1},{"first":1056,"second":1083,"amount":-2},{"first":1056,"second":1084,"amount":-1},{"first":1056,"second":1085,"amount":-1},{"first":1056,"second":1086,"amount":-1},{"first":1056,"second":1087,"amount":-1},{"first":1056,"second":1088,"amount":-1},{"first":1056,"second":1089,"amount":-1},{"first":1056,"second":1092,"amount":-1},{"first":1056,"second":1094,"amount":-1},{"first":1056,"second":1095,"amount":0},{"first":1056,"second":1096,"amount":-1},{"first":1056,"second":1097,"amount":-1},{"first":1056,"second":1100,"amount":-1},{"first":1056,"second":1102,"amount":-1},{"first":1056,"second":45,"amount":-1},{"first":1056,"second":46,"amount":-4},{"first":1056,"second":44,"amount":-4},{"first":1057,"second":1040,"amount":-1},{"first":1057,"second":1044,"amount":0},{"first":1057,"second":1051,"amount":0},{"first":1057,"second":1058,"amount":-1},{"first":1057,"second":1059,"amount":-1},{"first":1057,"second":1061,"amount":-1},{"first":1057,"second":1072,"amount":0},{"first":1057,"second":1093,"amount":0},{"first":1057,"second":42,"amount":0},{"first":1057,"second":34,"amount":0},{"first":1057,"second":39,"amount":0},{"first":1058,"second":1040,"amount":-3},{"first":1058,"second":1044,"amount":-1},{"first":1058,"second":1028,"amount":-1},{"first":1058,"second":1046,"amount":0},{"first":1058,"second":1047,"amount":-1},{"first":1058,"second":1051,"amount":-2},{"first":1058,"second":1054,"amount":-1},{"first":1058,"second":1057,"amount":-1},{"first":1058,"second":1059,"amount":-1},{"first":1058,"second":1060,"amount":-2},{"first":1058,"second":1071,"amount":-1},{"first":1058,"second":1072,"amount":-4},{"first":1058,"second":1073,"amount":-1},{"first":1058,"second":1074,"amount":-2},{"first":1058,"second":1075,"amount":-2},{"first":1058,"second":1169,"amount":-2},{"first":1058,"second":1076,"amount":-2},{"first":1058,"second":1077,"amount":-4},{"first":1058,"second":1108,"amount":-4},{"first":1058,"second":1078,"amount":-1},{"first":1058,"second":1079,"amount":-4},{"first":1058,"second":1080,"amount":-2},{"first":1058,"second":1081,"amount":-2},{"first":1058,"second":1083,"amount":-3},{"first":1058,"second":1084,"amount":-2},{"first":1058,"second":1085,"amount":-2},{"first":1058,"second":1086,"amount":-4},{"first":1058,"second":1087,"amount":-2},{"first":1058,"second":1088,"amount":-2},{"first":1058,"second":1089,"amount":-4},{"first":1058,"second":1091,"amount":-4},{"first":1058,"second":1092,"amount":-4},{"first":1058,"second":1093,"amount":-4},{"first":1058,"second":1094,"amount":-2},{"first":1058,"second":1095,"amount":-2},{"first":1058,"second":1096,"amount":-2},{"first":1058,"second":1097,"amount":-2},{"first":1058,"second":1100,"amount":-2},{"first":1058,"second":1102,"amount":-2},{"first":1058,"second":1103,"amount":-3},{"first":1058,"second":45,"amount":-4},{"first":1058,"second":46,"amount":-5},{"first":1058,"second":44,"amount":-5},{"first":1059,"second":1040,"amount":-3},{"first":1059,"second":1044,"amount":-2},{"first":1059,"second":1028,"amount":-2},{"first":1059,"second":1046,"amount":-1},{"first":1059,"second":1047,"amount":-2},{"first":1059,"second":1051,"amount":-2},{"first":1059,"second":1054,"amount":-2},{"first":1059,"second":1057,"amount":-2},{"first":1059,"second":1059,"amount":-1},{"first":1059,"second":1060,"amount":-2},{"first":1059,"second":1061,"amount":-2},{"first":1059,"second":1063,"amount":-1},{"first":1059,"second":1071,"amount":-1},{"first":1059,"second":1072,"amount":-3},{"first":1059,"second":1073,"amount":-2},{"first":1059,"second":1074,"amount":-2},{"first":1059,"second":1075,"amount":-2},{"first":1059,"second":1169,"amount":-2},{"first":1059,"second":1076,"amount":-2},{"first":1059,"second":1077,"amount":-3},{"first":1059,"second":1108,"amount":-3},{"first":1059,"second":1078,"amount":-2},{"first":1059,"second":1079,"amount":-3},{"first":1059,"second":1080,"amount":-2},{"first":1059,"second":1081,"amount":-2},{"first":1059,"second":1083,"amount":0},{"first":1059,"second":1084,"amount":-2},{"first":1059,"second":1085,"amount":-2},{"first":1059,"second":1086,"amount":-3},{"first":1059,"second":1087,"amount":-2},{"first":1059,"second":1088,"amount":-2},{"first":1059,"second":1089,"amount":-3},{"first":1059,"second":1090,"amount":-1},{"first":1059,"second":1091,"amount":-1},{"first":1059,"second":1092,"amount":-3},{"first":1059,"second":1093,"amount":-1},{"first":1059,"second":1094,"amount":-2},{"first":1059,"second":1095,"amount":-2},{"first":1059,"second":1096,"amount":-2},{"first":1059,"second":1097,"amount":-2},{"first":1059,"second":1100,"amount":-2},{"first":1059,"second":1102,"amount":-2},{"first":1059,"second":1103,"amount":-2},{"first":1059,"second":45,"amount":-2},{"first":1059,"second":46,"amount":-5},{"first":1059,"second":44,"amount":-5},{"first":1060,"second":1040,"amount":-1},{"first":1060,"second":1046,"amount":-1},{"first":1060,"second":1051,"amount":0},{"first":1060,"second":1058,"amount":-2},{"first":1060,"second":1059,"amount":-1},{"first":1060,"second":1061,"amount":-2},{"first":1060,"second":1063,"amount":-1},{"first":1060,"second":46,"amount":-1},{"first":1060,"second":44,"amount":-1},{"first":1060,"second":42,"amount":-1},{"first":1060,"second":34,"amount":-1},{"first":1060,"second":39,"amount":-1},{"first":1061,"second":1040,"amount":-1},{"first":1061,"second":1028,"amount":-2},{"first":1061,"second":1047,"amount":-2},{"first":1061,"second":1054,"amount":-2},{"first":1061,"second":1057,"amount":-2},{"first":1061,"second":1059,"amount":-1},{"first":1061,"second":1060,"amount":-2},{"first":1061,"second":1063,"amount":-1},{"first":1061,"second":1072,"amount":0},{"first":1061,"second":1077,"amount":-1},{"first":1061,"second":1108,"amount":-1},{"first":1061,"second":1079,"amount":-1},{"first":1061,"second":1086,"amount":-1},{"first":1061,"second":1089,"amount":-1},{"first":1061,"second":1090,"amount":-2},{"first":1061,"second":1091,"amount":-2},{"first":1061,"second":1092,"amount":-1},{"first":1061,"second":1095,"amount":-2},{"first":1061,"second":45,"amount":-2},{"first":1062,"second":1044,"amount":0},{"first":1062,"second":1028,"amount":-1},{"first":1062,"second":1046,"amount":0},{"first":1062,"second":1047,"amount":-1},{"first":1062,"second":1054,"amount":-1},{"first":1062,"second":1057,"amount":-1},{"first":1062,"second":1058,"amount":-1},{"first":1062,"second":1059,"amount":-1},{"first":1062,"second":1060,"amount":-1},{"first":1062,"second":1063,"amount":-2},{"first":1062,"second":1090,"amount":-1},{"first":1062,"second":1095,"amount":0},{"first":1062,"second":42,"amount":-1},{"first":1062,"second":34,"amount":-1},{"first":1062,"second":39,"amount":-1},{"first":1063,"second":1028,"amount":-1},{"first":1063,"second":1047,"amount":-1},{"first":1063,"second":1054,"amount":-1},{"first":1063,"second":1057,"amount":-1},{"first":1064,"second":1028,"amount":-1},{"first":1064,"second":1047,"amount":-1},{"first":1064,"second":1054,"amount":-1},{"first":1064,"second":1057,"amount":-1},{"first":1065,"second":1044,"amount":0},{"first":1065,"second":1028,"amount":-1},{"first":1065,"second":1046,"amount":0},{"first":1065,"second":1047,"amount":-1},{"first":1065,"second":1054,"amount":-1},{"first":1065,"second":1057,"amount":-1},{"first":1065,"second":1058,"amount":-1},{"first":1065,"second":1059,"amount":-1},{"first":1065,"second":1060,"amount":-1},{"first":1065,"second":1063,"amount":-2},{"first":1065,"second":1090,"amount":-1},{"first":1065,"second":1095,"amount":0},{"first":1065,"second":42,"amount":-1},{"first":1065,"second":34,"amount":-1},{"first":1065,"second":39,"amount":-1},{"first":1068,"second":1058,"amount":-4},{"first":1068,"second":1059,"amount":-1},{"first":1068,"second":1061,"amount":-1},{"first":1068,"second":1063,"amount":-2},{"first":1068,"second":1071,"amount":-1},{"first":1068,"second":1090,"amount":0},{"first":1068,"second":1091,"amount":-1},{"first":1068,"second":42,"amount":-2},{"first":1068,"second":34,"amount":-2},{"first":1068,"second":39,"amount":-2},{"first":1070,"second":1040,"amount":-1},{"first":1070,"second":1042,"amount":-1},{"first":1070,"second":1043,"amount":-1},{"first":1070,"second":1168,"amount":-1},{"first":1070,"second":1044,"amount":0},{"first":1070,"second":1045,"amount":-1},{"first":1070,"second":1046,"amount":-1},{"first":1070,"second":1048,"amount":-1},{"first":1070,"second":1049,"amount":-1},{"first":1070,"second":1050,"amount":-1},{"first":1070,"second":1051,"amount":0},{"first":1070,"second":1052,"amount":-1},{"first":1070,"second":1053,"amount":-1},{"first":1070,"second":1055,"amount":-1},{"first":1070,"second":1056,"amount":-1},{"first":1070,"second":1058,"amount":-1},{"first":1070,"second":1059,"amount":-1},{"first":1070,"second":1061,"amount":-2},{"first":1070,"second":1062,"amount":-1},{"first":1070,"second":1063,"amount":-1},{"first":1070,"second":1064,"amount":-1},{"first":1070,"second":1065,"amount":-1},{"first":1070,"second":1068,"amount":-1},{"first":1070,"second":1070,"amount":-1},{"first":1070,"second":1078,"amount":0},{"first":1070,"second":46,"amount":-1},{"first":1070,"second":44,"amount":-1},{"first":1070,"second":42,"amount":-1},{"first":1070,"second":34,"amount":-1},{"first":1070,"second":39,"amount":-1},{"first":1071,"second":1028,"amount":-1},{"first":1071,"second":1047,"amount":-1},{"first":1071,"second":1054,"amount":-1},{"first":1071,"second":1057,"amount":-1},{"first":1072,"second":1072,"amount":0},{"first":1072,"second":1073,"amount":0},{"first":1072,"second":1077,"amount":0},{"first":1072,"second":1108,"amount":0},{"first":1072,"second":1078,"amount":0},{"first":1072,"second":1079,"amount":0},{"first":1072,"second":1086,"amount":0},{"first":1072,"second":1089,"amount":0},{"first":1072,"second":1090,"amount":-1},{"first":1072,"second":1091,"amount":-1},{"first":1072,"second":1092,"amount":0},{"first":1072,"second":1095,"amount":0},{"first":1072,"second":42,"amount":-2},{"first":1072,"second":34,"amount":-2},{"first":1072,"second":39,"amount":-2},{"first":1073,"second":1073,"amount":0},{"first":1073,"second":1078,"amount":-1},{"first":1073,"second":1083,"amount":0},{"first":1073,"second":1090,"amount":-1},{"first":1073,"second":1091,"amount":-1},{"first":1073,"second":1093,"amount":-1},{"first":1073,"second":1095,"amount":0},{"first":1074,"second":1077,"amount":0},{"first":1074,"second":1108,"amount":0},{"first":1074,"second":1078,"amount":0},{"first":1074,"second":1079,"amount":0},{"first":1074,"second":1086,"amount":0},{"first":1074,"second":1089,"amount":0},{"first":1074,"second":1090,"amount":-1},{"first":1074,"second":1091,"amount":0},{"first":1074,"second":1092,"amount":0},{"first":1074,"second":1103,"amount":0},{"first":1074,"second":42,"amount":-1},{"first":1074,"second":34,"amount":-1},{"first":1074,"second":39,"amount":-1},{"first":1075,"second":1072,"amount":0},{"first":1075,"second":1073,"amount":0},{"first":1075,"second":1076,"amount":-1},{"first":1075,"second":1077,"amount":-1},{"first":1075,"second":1108,"amount":-1},{"first":1075,"second":1079,"amount":-1},{"first":1075,"second":1083,"amount":-2},{"first":1075,"second":1086,"amount":-1},{"first":1075,"second":1089,"amount":-1},{"first":1075,"second":1092,"amount":-1},{"first":1075,"second":1103,"amount":0},{"first":1169,"second":1072,"amount":0},{"first":1169,"second":1073,"amount":0},{"first":1169,"second":1076,"amount":-1},{"first":1169,"second":1077,"amount":-1},{"first":1169,"second":1108,"amount":-1},{"first":1169,"second":1079,"amount":-1},{"first":1169,"second":1083,"amount":-2},{"first":1169,"second":1086,"amount":-1},{"first":1169,"second":1089,"amount":-1},{"first":1169,"second":1092,"amount":-1},{"first":1169,"second":1103,"amount":0},{"first":1076,"second":1073,"amount":0},{"first":1076,"second":1076,"amount":0},{"first":1076,"second":1077,"amount":0},{"first":1076,"second":1108,"amount":0},{"first":1076,"second":1079,"amount":0},{"first":1076,"second":1086,"amount":0},{"first":1076,"second":1089,"amount":0},{"first":1076,"second":1090,"amount":-1},{"first":1076,"second":1092,"amount":0},{"first":1076,"second":1095,"amount":-1},{"first":1076,"second":42,"amount":-2},{"first":1076,"second":34,"amount":-2},{"first":1076,"second":39,"amount":-2},{"first":1077,"second":1077,"amount":0},{"first":1077,"second":1108,"amount":0},{"first":1077,"second":1078,"amount":-1},{"first":1077,"second":1079,"amount":0},{"first":1077,"second":1083,"amount":0},{"first":1077,"second":1086,"amount":0},{"first":1077,"second":1089,"amount":0},{"first":1077,"second":1090,"amount":-1},{"first":1077,"second":1091,"amount":-1},{"first":1077,"second":1092,"amount":0},{"first":1077,"second":1093,"amount":-1},{"first":1077,"second":42,"amount":-2},{"first":1077,"second":34,"amount":-2},{"first":1077,"second":39,"amount":-2},{"first":1108,"second":1077,"amount":0},{"first":1108,"second":1108,"amount":0},{"first":1108,"second":1078,"amount":-1},{"first":1108,"second":1079,"amount":0},{"first":1108,"second":1083,"amount":0},{"first":1108,"second":1086,"amount":0},{"first":1108,"second":1089,"amount":0},{"first":1108,"second":1090,"amount":-1},{"first":1108,"second":1091,"amount":-1},{"first":1108,"second":1092,"amount":0},{"first":1108,"second":1093,"amount":-1},{"first":1108,"second":42,"amount":-2},{"first":1108,"second":34,"amount":-2},{"first":1108,"second":39,"amount":-2},{"first":1078,"second":1072,"amount":-1},{"first":1078,"second":1073,"amount":0},{"first":1078,"second":1077,"amount":-2},{"first":1078,"second":1108,"amount":-2},{"first":1078,"second":1079,"amount":-2},{"first":1078,"second":1086,"amount":-2},{"first":1078,"second":1089,"amount":-2},{"first":1078,"second":1090,"amount":0},{"first":1078,"second":1091,"amount":-1},{"first":1078,"second":1092,"amount":-2},{"first":1078,"second":1095,"amount":-1},{"first":1078,"second":42,"amount":-1},{"first":1078,"second":34,"amount":-1},{"first":1078,"second":39,"amount":-1},{"first":1079,"second":1077,"amount":0},{"first":1079,"second":1108,"amount":0},{"first":1079,"second":1078,"amount":0},{"first":1079,"second":1079,"amount":0},{"first":1079,"second":1086,"amount":0},{"first":1079,"second":1089,"amount":0},{"first":1079,"second":1090,"amount":-1},{"first":1079,"second":1091,"amount":0},{"first":1079,"second":1092,"amount":0},{"first":1079,"second":1103,"amount":0},{"first":1079,"second":42,"amount":-1},{"first":1079,"second":34,"amount":-1},{"first":1079,"second":39,"amount":-1},{"first":1080,"second":42,"amount":0},{"first":1080,"second":34,"amount":0},{"first":1080,"second":39,"amount":0},{"first":1082,"second":1072,"amount":-1},{"first":1082,"second":1073,"amount":0},{"first":1082,"second":1077,"amount":-2},{"first":1082,"second":1108,"amount":-2},{"first":1082,"second":1079,"amount":-2},{"first":1082,"second":1086,"amount":-2},{"first":1082,"second":1089,"amount":-2},{"first":1082,"second":1090,"amount":0},{"first":1082,"second":1091,"amount":-1},{"first":1082,"second":1092,"amount":-2},{"first":1082,"second":1095,"amount":-1},{"first":1082,"second":42,"amount":-1},{"first":1082,"second":34,"amount":-1},{"first":1082,"second":39,"amount":-1},{"first":1083,"second":42,"amount":0},{"first":1083,"second":34,"amount":0},{"first":1083,"second":39,"amount":0},{"first":1084,"second":42,"amount":0},{"first":1084,"second":34,"amount":0},{"first":1084,"second":39,"amount":0},{"first":1085,"second":42,"amount":0},{"first":1085,"second":34,"amount":0},{"first":1085,"second":39,"amount":0},{"first":1086,"second":1077,"amount":0},{"first":1086,"second":1108,"amount":0},{"first":1086,"second":1078,"amount":-1},{"first":1086,"second":1079,"amount":0},{"first":1086,"second":1083,"amount":0},{"first":1086,"second":1086,"amount":0},{"first":1086,"second":1089,"amount":0},{"first":1086,"second":1090,"amount":-1},{"first":1086,"second":1091,"amount":-1},{"first":1086,"second":1092,"amount":0},{"first":1086,"second":1093,"amount":-1},{"first":1086,"second":42,"amount":-2},{"first":1086,"second":34,"amount":-2},{"first":1086,"second":39,"amount":-2},{"first":1087,"second":42,"amount":0},{"first":1087,"second":34,"amount":0},{"first":1087,"second":39,"amount":0},{"first":1088,"second":1077,"amount":0},{"first":1088,"second":1108,"amount":0},{"first":1088,"second":1078,"amount":-1},{"first":1088,"second":1079,"amount":0},{"first":1088,"second":1083,"amount":0},{"first":1088,"second":1086,"amount":0},{"first":1088,"second":1089,"amount":0},{"first":1088,"second":1090,"amount":-1},{"first":1088,"second":1091,"amount":-1},{"first":1088,"second":1092,"amount":0},{"first":1088,"second":1093,"amount":-1},{"first":1088,"second":42,"amount":-2},{"first":1088,"second":34,"amount":-2},{"first":1088,"second":39,"amount":-2},{"first":1089,"second":1077,"amount":0},{"first":1089,"second":1108,"amount":0},{"first":1089,"second":1078,"amount":-1},{"first":1089,"second":1079,"amount":0},{"first":1089,"second":1083,"amount":0},{"first":1089,"second":1086,"amount":0},{"first":1089,"second":1089,"amount":0},{"first":1089,"second":1090,"amount":-1},{"first":1089,"second":1091,"amount":-1},{"first":1089,"second":1092,"amount":0},{"first":1089,"second":1093,"amount":-1},{"first":1089,"second":42,"amount":-2},{"first":1089,"second":34,"amount":-2},{"first":1089,"second":39,"amount":-2},{"first":1090,"second":1072,"amount":-1},{"first":1090,"second":1076,"amount":-1},{"first":1090,"second":1077,"amount":-1},{"first":1090,"second":1108,"amount":-1},{"first":1090,"second":1078,"amount":0},{"first":1090,"second":1079,"amount":-1},{"first":1090,"second":1083,"amount":-1},{"first":1090,"second":1086,"amount":-1},{"first":1090,"second":1089,"amount":-1},{"first":1090,"second":1092,"amount":-1},{"first":1090,"second":1103,"amount":0},{"first":1091,"second":1072,"amount":-1},{"first":1091,"second":1077,"amount":-1},{"first":1091,"second":1108,"amount":-1},{"first":1091,"second":1078,"amount":0},{"first":1091,"second":1079,"amount":-1},{"first":1091,"second":1083,"amount":-1},{"first":1091,"second":1086,"amount":-1},{"first":1091,"second":1089,"amount":-1},{"first":1091,"second":1092,"amount":-1},{"first":1091,"second":1103,"amount":0},{"first":1092,"second":1077,"amount":0},{"first":1092,"second":1108,"amount":0},{"first":1092,"second":1078,"amount":-1},{"first":1092,"second":1079,"amount":0},{"first":1092,"second":1083,"amount":0},{"first":1092,"second":1086,"amount":0},{"first":1092,"second":1089,"amount":0},{"first":1092,"second":1090,"amount":-1},{"first":1092,"second":1091,"amount":-1},{"first":1092,"second":1092,"amount":0},{"first":1092,"second":1093,"amount":-1},{"first":1092,"second":42,"amount":-2},{"first":1092,"second":34,"amount":-2},{"first":1092,"second":39,"amount":-2},{"first":1093,"second":1077,"amount":-1},{"first":1093,"second":1108,"amount":-1},{"first":1093,"second":1079,"amount":-1},{"first":1093,"second":1086,"amount":-1},{"first":1093,"second":1089,"amount":-1},{"first":1093,"second":1092,"amount":-1},{"first":1093,"second":1095,"amount":0},{"first":1094,"second":1073,"amount":0},{"first":1094,"second":1076,"amount":0},{"first":1094,"second":1077,"amount":0},{"first":1094,"second":1108,"amount":0},{"first":1094,"second":1079,"amount":0},{"first":1094,"second":1086,"amount":0},{"first":1094,"second":1089,"amount":0},{"first":1094,"second":1090,"amount":-1},{"first":1094,"second":1092,"amount":0},{"first":1094,"second":1095,"amount":-1},{"first":1094,"second":42,"amount":-2},{"first":1094,"second":34,"amount":-2},{"first":1094,"second":39,"amount":-2},{"first":1095,"second":42,"amount":0},{"first":1095,"second":34,"amount":0},{"first":1095,"second":39,"amount":0},{"first":1096,"second":42,"amount":0},{"first":1096,"second":34,"amount":0},{"first":1096,"second":39,"amount":0},{"first":1097,"second":1073,"amount":0},{"first":1097,"second":1076,"amount":0},{"first":1097,"second":1077,"amount":0},{"first":1097,"second":1108,"amount":0},{"first":1097,"second":1079,"amount":0},{"first":1097,"second":1086,"amount":0},{"first":1097,"second":1089,"amount":0},{"first":1097,"second":1090,"amount":-1},{"first":1097,"second":1092,"amount":0},{"first":1097,"second":1095,"amount":-1},{"first":1097,"second":42,"amount":-2},{"first":1097,"second":34,"amount":-2},{"first":1097,"second":39,"amount":-2},{"first":1100,"second":1078,"amount":-1},{"first":1100,"second":1090,"amount":-2},{"first":1100,"second":1091,"amount":-1},{"first":1100,"second":1095,"amount":-1},{"first":1102,"second":1077,"amount":0},{"first":1102,"second":1108,"amount":0},{"first":1102,"second":1078,"amount":-1},{"first":1102,"second":1079,"amount":0},{"first":1102,"second":1083,"amount":0},{"first":1102,"second":1086,"amount":0},{"first":1102,"second":1089,"amount":0},{"first":1102,"second":1090,"amount":-1},{"first":1102,"second":1091,"amount":-1},{"first":1102,"second":1092,"amount":0},{"first":1102,"second":1093,"amount":-1},{"first":1102,"second":42,"amount":-2},{"first":1102,"second":34,"amount":-2},{"first":1102,"second":39,"amount":-2},{"first":1103,"second":42,"amount":0},{"first":1103,"second":34,"amount":0},{"first":1103,"second":39,"amount":0},{"first":50,"second":55,"amount":0},{"first":51,"second":55,"amount":0},{"first":52,"second":55,"amount":-1},{"first":53,"second":49,"amount":0},{"first":53,"second":50,"amount":0},{"first":53,"second":54,"amount":0},{"first":53,"second":55,"amount":-2},{"first":54,"second":55,"amount":-1},{"first":55,"second":50,"amount":0},{"first":55,"second":52,"amount":-2},{"first":55,"second":53,"amount":0},{"first":55,"second":54,"amount":-1},{"first":55,"second":57,"amount":0},{"first":56,"second":55,"amount":-1},{"first":57,"second":51,"amount":0},{"first":57,"second":55,"amount":-2},{"first":45,"second":1058,"amount":-4},{"first":45,"second":1059,"amount":-1},{"first":45,"second":1061,"amount":-2},{"first":46,"second":1028,"amount":-1},{"first":46,"second":1047,"amount":-1},{"first":46,"second":1054,"amount":-1},{"first":46,"second":1057,"amount":-1},{"first":46,"second":1058,"amount":-5},{"first":46,"second":1059,"amount":-1},{"first":46,"second":1060,"amount":-1},{"first":46,"second":1063,"amount":-4},{"first":44,"second":1028,"amount":-1},{"first":44,"second":1047,"amount":-1},{"first":44,"second":1054,"amount":-1},{"first":44,"second":1057,"amount":-1},{"first":44,"second":1058,"amount":-5},{"first":44,"second":1059,"amount":-1},{"first":44,"second":1060,"amount":-1},{"first":44,"second":1063,"amount":-4},{"first":42,"second":1040,"amount":-5},{"first":42,"second":1028,"amount":-1},{"first":42,"second":1047,"amount":-1},{"first":42,"second":1051,"amount":-2},{"first":42,"second":1054,"amount":-1},{"first":42,"second":1057,"amount":-1},{"first":42,"second":1059,"amount":0},{"first":42,"second":1060,"amount":-1},{"first":42,"second":1071,"amount":-1},{"first":42,"second":1072,"amount":-2},{"first":42,"second":1074,"amount":0},{"first":42,"second":1075,"amount":0},{"first":42,"second":1169,"amount":0},{"first":42,"second":1076,"amount":-2},{"first":42,"second":1077,"amount":-2},{"first":42,"second":1108,"amount":-2},{"first":42,"second":1079,"amount":-2},{"first":42,"second":1080,"amount":0},{"first":42,"second":1081,"amount":0},{"first":42,"second":1083,"amount":-2},{"first":42,"second":1084,"amount":0},{"first":42,"second":1085,"amount":0},{"first":42,"second":1086,"amount":-2},{"first":42,"second":1087,"amount":0},{"first":42,"second":1088,"amount":0},{"first":42,"second":1089,"amount":-2},{"first":42,"second":1092,"amount":-2},{"first":42,"second":1094,"amount":0},{"first":42,"second":1096,"amount":0},{"first":42,"second":1097,"amount":0},{"first":42,"second":1100,"amount":0},{"first":42,"second":1102,"amount":0},{"first":42,"second":1103,"amount":-1},{"first":34,"second":1040,"amount":-5},{"first":34,"second":1028,"amount":-1},{"first":34,"second":1047,"amount":-1},{"first":34,"second":1051,"amount":-2},{"first":34,"second":1054,"amount":-1},{"first":34,"second":1057,"amount":-1},{"first":34,"second":1059,"amount":0},{"first":34,"second":1060,"amount":-1},{"first":34,"second":1071,"amount":-1},{"first":34,"second":1072,"amount":-2},{"first":34,"second":1074,"amount":0},{"first":34,"second":1075,"amount":0},{"first":34,"second":1169,"amount":0},{"first":34,"second":1076,"amount":-2},{"first":34,"second":1077,"amount":-2},{"first":34,"second":1108,"amount":-2},{"first":34,"second":1079,"amount":-2},{"first":34,"second":1080,"amount":0},{"first":34,"second":1081,"amount":0},{"first":34,"second":1083,"amount":-2},{"first":34,"second":1084,"amount":0},{"first":34,"second":1085,"amount":0},{"first":34,"second":1086,"amount":-2},{"first":34,"second":1087,"amount":0},{"first":34,"second":1088,"amount":0},{"first":34,"second":1089,"amount":-2},{"first":34,"second":1092,"amount":-2},{"first":34,"second":1094,"amount":0},{"first":34,"second":1096,"amount":0},{"first":34,"second":1097,"amount":0},{"first":34,"second":1100,"amount":0},{"first":34,"second":1102,"amount":0},{"first":34,"second":1103,"amount":-1},{"first":39,"second":1040,"amount":-5},{"first":39,"second":1028,"amount":-1},{"first":39,"second":1047,"amount":-1},{"first":39,"second":1051,"amount":-2},{"first":39,"second":1054,"amount":-1},{"first":39,"second":1057,"amount":-1},{"first":39,"second":1059,"amount":0},{"first":39,"second":1060,"amount":-1},{"first":39,"second":1071,"amount":-1},{"first":39,"second":1072,"amount":-2},{"first":39,"second":1074,"amount":0},{"first":39,"second":1075,"amount":0},{"first":39,"second":1169,"amount":0},{"first":39,"second":1076,"amount":-2},{"first":39,"second":1077,"amount":-2},{"first":39,"second":1108,"amount":-2},{"first":39,"second":1079,"amount":-2},{"first":39,"second":1080,"amount":0},{"first":39,"second":1081,"amount":0},{"first":39,"second":1083,"amount":-2},{"first":39,"second":1084,"amount":0},{"first":39,"second":1085,"amount":0},{"first":39,"second":1086,"amount":-2},{"first":39,"second":1087,"amount":0},{"first":39,"second":1088,"amount":0},{"first":39,"second":1089,"amount":-2},{"first":39,"second":1092,"amount":-2},{"first":39,"second":1094,"amount":0},{"first":39,"second":1096,"amount":0},{"first":39,"second":1097,"amount":0},{"first":39,"second":1100,"amount":0},{"first":39,"second":1102,"amount":0},{"first":39,"second":1103,"amount":-1}]}